INSERT INTO hotel_trivoli.product_types (id, created_at, updated_at, deleted_at, name) VALUES (1, '2024-04-03 11:04:36.311', '2024-04-03 11:04:36.311', null, 'Bebidas');
INSERT INTO hotel_trivoli.product_types (id, created_at, updated_at, deleted_at, name) VALUES (2, '2024-04-03 11:04:36.322', '2024-04-03 11:04:36.322', null, 'Mecatos');
INSERT INTO hotel_trivoli.product_types (id, created_at, updated_at, deleted_at, name) VALUES (3, '2024-04-03 11:04:36.328', '2024-04-03 11:04:36.328', null, 'Preservativos');
INSERT INTO hotel_trivoli.product_types (id, created_at, updated_at, deleted_at, name) VALUES (4, '2024-04-03 11:04:36.332', '2024-04-03 11:04:36.332', null, 'Medicamentos');
INSERT INTO hotel_trivoli.product_types (id, created_at, updated_at, deleted_at, name) VALUES (5, '2024-04-03 11:04:36.338', '2024-04-03 11:04:36.338', null, 'Aseo personal');
INSERT INTO hotel_trivoli.product_types (id, created_at, updated_at, deleted_at, name) VALUES (6, '2024-04-03 11:04:36.344', '2024-04-03 11:04:36.344', null, 'Misceláneo');
INSERT INTO hotel_trivoli.product_types (id, created_at, updated_at, deleted_at, name) VALUES (7, '2024-04-03 11:04:36.352', '2024-04-03 11:04:36.352', null, 'Bebidas');
INSERT INTO hotel_trivoli.product_types (id, created_at, updated_at, deleted_at, name) VALUES (8, '2024-04-03 11:04:36.359', '2024-04-03 11:04:36.359', null, 'Bebidas');
INSERT INTO hotel_trivoli.product_types (id, created_at, updated_at, deleted_at, name) VALUES (9, '2024-04-03 11:04:36.371', '2024-04-03 11:04:36.371', null, 'Bebidas');
INSERT INTO hotel_trivoli.product_types (id, created_at, updated_at, deleted_at, name) VALUES (10, '2024-04-03 11:04:36.378', '2024-04-03 11:04:36.378', null, 'Bebidas');
INSERT INTO hotel_trivoli.product_types (id, created_at, updated_at, deleted_at, name) VALUES (11, '2024-04-03 11:04:36.388', '2024-04-03 11:04:36.388', null, 'Bebidas');
INSERT INTO hotel_trivoli.product_types (id, created_at, updated_at, deleted_at, name) VALUES (12, '2024-04-03 11:04:36.397', '2024-04-03 11:04:36.397', null, 'Bebidas');
INSERT INTO hotel_trivoli.product_types (id, created_at, updated_at, deleted_at, name) VALUES (13, '2024-04-03 11:04:36.406', '2024-04-03 11:04:36.406', null, 'Medicamentos');
INSERT INTO hotel_trivoli.product_types (id, created_at, updated_at, deleted_at, name) VALUES (14, '2024-04-03 11:04:36.414', '2024-04-03 11:04:36.414', null, 'Medicamentos');
INSERT INTO hotel_trivoli.product_types (id, created_at, updated_at, deleted_at, name) VALUES (15, '2024-04-03 11:04:36.423', '2024-04-03 11:04:36.423', null, 'Mecatos');
INSERT INTO hotel_trivoli.product_types (id, created_at, updated_at, deleted_at, name) VALUES (16, '2024-04-03 11:04:36.430', '2024-04-03 11:04:36.430', null, 'Mecatos');
INSERT INTO hotel_trivoli.product_types (id, created_at, updated_at, deleted_at, name) VALUES (17, '2024-04-03 11:04:36.442', '2024-04-03 11:04:36.442', null, 'Mecatos');
INSERT INTO hotel_trivoli.product_types (id, created_at, updated_at, deleted_at, name) VALUES (18, '2024-04-03 11:04:36.450', '2024-04-03 11:04:36.450', null, 'Mecatos');
INSERT INTO hotel_trivoli.product_types (id, created_at, updated_at, deleted_at, name) VALUES (19, '2024-04-03 11:04:36.457', '2024-04-03 11:04:36.457', null, 'Preservativos');
INSERT INTO hotel_trivoli.product_types (id, created_at, updated_at, deleted_at, name) VALUES (20, '2024-04-03 11:04:36.465', '2024-04-03 11:04:36.465', null, 'Medicamentos');
INSERT INTO hotel_trivoli.product_types (id, created_at, updated_at, deleted_at, name) VALUES (21, '2024-04-03 11:04:36.477', '2024-04-03 11:04:36.477', null, 'Medicamentos');
INSERT INTO hotel_trivoli.product_types (id, created_at, updated_at, deleted_at, name) VALUES (22, '2024-04-03 11:04:36.495', '2024-04-03 11:04:36.495', null, 'Medicamentos');
INSERT INTO hotel_trivoli.product_types (id, created_at, updated_at, deleted_at, name) VALUES (23, '2024-04-03 11:04:36.513', '2024-04-03 11:04:36.513', null, 'Aseo personal');
INSERT INTO hotel_trivoli.product_types (id, created_at, updated_at, deleted_at, name) VALUES (24, '2024-04-03 11:04:36.531', '2024-04-03 11:04:36.531', null, 'Aseo personal');
INSERT INTO hotel_trivoli.product_types (id, created_at, updated_at, deleted_at, name) VALUES (25, '2024-04-03 11:04:36.549', '2024-04-03 11:04:36.549', null, 'Aseo personal');
INSERT INTO hotel_trivoli.product_types (id, created_at, updated_at, deleted_at, name) VALUES (26, '2024-04-03 11:04:36.564', '2024-04-03 11:04:36.564', null, 'Aseo personal');
INSERT INTO hotel_trivoli.product_types (id, created_at, updated_at, deleted_at, name) VALUES (27, '2024-04-03 11:04:36.585', '2024-04-03 11:04:36.585', null, 'Aseo personal');
INSERT INTO hotel_trivoli.product_types (id, created_at, updated_at, deleted_at, name) VALUES (28, '2024-04-03 11:04:36.608', '2024-04-03 11:04:36.608', null, 'Aseo personal');
INSERT INTO hotel_trivoli.product_types (id, created_at, updated_at, deleted_at, name) VALUES (29, '2024-04-03 11:04:36.625', '2024-04-03 11:04:36.625', null, 'Aseo personal');
INSERT INTO hotel_trivoli.product_types (id, created_at, updated_at, deleted_at, name) VALUES (30, '2024-04-03 11:04:36.641', '2024-04-03 11:04:36.641', null, 'Aseo personal');
INSERT INTO hotel_trivoli.product_types (id, created_at, updated_at, deleted_at, name) VALUES (31, '2024-04-03 11:04:36.666', '2024-04-03 11:04:36.666', null, 'Misceláneo');




INSERT INTO hotel_trivoli.products (id, created_at, updated_at, deleted_at, name, stock, price, img) VALUES (1, '2024-04-03 11:04:36.350', '2024-04-07 21:29:01.373', null, 'Cerveza Lata', 30, 6000, 'https://copservir.vtexassets.com/arquivos/ids/1171256-800-auto?v=638418762835070000&width=800&height=auto&aspect=true');
INSERT INTO hotel_trivoli.products (id, created_at, updated_at, deleted_at, name, stock, price, img) VALUES (2, '2024-04-03 11:04:36.357', '2024-04-03 19:35:28.133', null, 'Gaseosas', 109, 5000, 'https://simonparrilla.com.co/wp-content/uploads/2022/06/SIMON-PARRILLA-BEBIDAS-GASEOSA.webp');
INSERT INTO hotel_trivoli.products (id, created_at, updated_at, deleted_at, name, stock, price, img) VALUES (3, '2024-04-03 11:04:36.368', '2024-04-03 11:04:36.368', null, 'Speed Max', 99, 3000, 'https://exitocol.vtexassets.com/arquivos/ids/20045747/Bebida-SPEED-MAX-473-ml-3469968_a.jpg?v=638338334845430000');
INSERT INTO hotel_trivoli.products (id, created_at, updated_at, deleted_at, name, stock, price, img) VALUES (4, '2024-04-03 11:04:36.377', '2024-04-03 11:04:36.377', null, 'JP Chenet Rosada', 99, 12000, 'https://jumbocolombiaio.vtexassets.com/arquivos/ids/206164/3500610093708.jpg?v=637814201879370000');
INSERT INTO hotel_trivoli.products (id, created_at, updated_at, deleted_at, name, stock, price, img) VALUES (5, '2024-04-03 11:04:36.387', '2024-04-03 11:04:36.387', null, 'Agua Cristalina', 99, 2000, 'https://mercayahorra.com/wp-content/uploads/2020/06/Agua-Cristalina-x300Ml.jpg');
INSERT INTO hotel_trivoli.products (id, created_at, updated_at, deleted_at, name, stock, price, img) VALUES (6, '2024-04-03 11:04:36.395', '2024-04-03 11:04:36.395', null, 'Smirnoff Ice', 99, 15000, 'https://mistiendas.com.co/2413-large_default/smirnoff-ice-original-botella.jpg');
INSERT INTO hotel_trivoli.products (id, created_at, updated_at, deleted_at, name, stock, price, img) VALUES (7, '2024-04-03 11:04:36.404', '2024-04-03 11:04:36.404', '2024-04-07 21:28:41.337', 'Serv. Aguardiente', 99, 45000, 'https://copservir.vtexassets.com/arquivos/ids/1170449/DTE-SS-COOL-NIGHT-GEL_F.jpg?v=638418477793370000');
INSERT INTO hotel_trivoli.products (id, created_at, updated_at, deleted_at, name, stock, price, img) VALUES (8, '2024-04-03 11:04:36.413', '2024-04-03 11:04:36.413', null, 'Serv. Ron 8 Años', 99, 90000, 'https://copservir.vtexassets.com/arquivos/ids/1170449/DTE-SS-COOL-NIGHT-GEL_F.jpg?v=638418477793370000');
INSERT INTO hotel_trivoli.products (id, created_at, updated_at, deleted_at, name, stock, price, img) VALUES (9, '2024-04-03 11:04:36.421', '2024-04-03 11:04:36.421', null, 'Manicero', 99, 2000, 'https://bodegalaesperanza.com/images/bodegalaesperanza/products/6032aeb97202f.jpeg');
INSERT INTO hotel_trivoli.products (id, created_at, updated_at, deleted_at, name, stock, price, img) VALUES (10, '2024-04-03 11:04:36.428', '2024-04-03 11:04:36.428', null, 'Papa Margarita', 99, 3000, 'https://www.confipuma.com/app_data_archivos/confipuma.soomi.co/productos/producto_ba268b32e52ef9e1233086f1d7f3388b877b860a1642763324.png');
INSERT INTO hotel_trivoli.products (id, created_at, updated_at, deleted_at, name, stock, price, img) VALUES (11, '2024-04-03 11:04:36.440', '2024-04-03 11:04:36.440', null, 'Chocolatina', 99, 1000, 'https://encrypted-tbn0.gstatic.com/images?q=tbn:ANd9GcSKYrsRIS9dAg-LoLgZa_jNb__L5Dtvzp4yXUrTFk3Eaw&s');
INSERT INTO hotel_trivoli.products (id, created_at, updated_at, deleted_at, name, stock, price, img) VALUES (12, '2024-04-03 11:04:36.448', '2024-04-03 11:04:36.448', null, 'Lecherita', 99, 2000, 'https://copservir.vtexassets.com/arquivos/ids/1170449/DTE-SS-COOL-NIGHT-GEL_F.jpg?v=638418477793370000');
INSERT INTO hotel_trivoli.products (id, created_at, updated_at, deleted_at, name, stock, price, img) VALUES (13, '2024-04-03 11:04:36.456', '2024-04-03 11:04:36.456', null, 'Preservativo Today', 99, 5000, 'https://dcdn.mitiendanube.com/stores/001/307/250/products/condones-today-lubricado-x-1-nonita-co1-920cf66f3dc363c58216383955336130-480-0.jpg');
INSERT INTO hotel_trivoli.products (id, created_at, updated_at, deleted_at, name, stock, price, img) VALUES (14, '2024-04-03 11:04:36.463', '2024-04-03 11:04:36.463', null, 'Sildenafil', 99, 3000, 'https://encrypted-tbn0.gstatic.com/images?q=tbn:ANd9GcSf0w0uCyf1x-z41skSL03FVURW5mX95KAXwWfxXCutSA&s');
INSERT INTO hotel_trivoli.products (id, created_at, updated_at, deleted_at, name, stock, price, img) VALUES (15, '2024-04-03 11:04:36.473', '2024-04-03 11:04:36.473', null, 'Fisiomax lubricante', 99, 3000, 'https://pasteurio.vtexassets.com/arquivos/ids/187396/Cuidado-Personal-Lubricantes_Fisiomax_Pasteur_155205_sobre_01.jpg?v=638188879961730000');
INSERT INTO hotel_trivoli.products (id, created_at, updated_at, deleted_at, name, stock, price, img) VALUES (16, '2024-04-03 11:04:36.491', '2024-04-03 11:04:36.491', null, 'Aspirina tableta', 99, 2000, 'https://www.dfs.net.co/3494-large_default/aspirina-ultra-x-20-tabletas.jpg');
INSERT INTO hotel_trivoli.products (id, created_at, updated_at, deleted_at, name, stock, price, img) VALUES (17, '2024-04-03 11:04:36.509', '2024-04-03 11:04:36.509', null, 'Desodorante Sobre', 99, 3000, 'https://copservir.vtexassets.com/arquivos/ids/1170449/DTE-SS-COOL-NIGHT-GEL_F.jpg?v=638418477793370000');
INSERT INTO hotel_trivoli.products (id, created_at, updated_at, deleted_at, name, stock, price, img) VALUES (18, '2024-04-03 11:04:36.527', '2024-04-03 11:04:36.527', null, 'Talco Mexana', 99, 7000, 'https://jumbocolombiaio.vtexassets.com/arquivos/ids/189129/7702123008859.jpg?v=637813990505970000');
INSERT INTO hotel_trivoli.products (id, created_at, updated_at, deleted_at, name, stock, price, img) VALUES (19, '2024-04-03 11:04:36.544', '2024-04-03 11:04:36.544', null, 'Maquina de afeitar', 99, 3000, 'https://copservir.vtexassets.com/arquivos/ids/1254323/MAQUINA-PRESTOBARBA-3_F.png?v=638455411739930000');
INSERT INTO hotel_trivoli.products (id, created_at, updated_at, deleted_at, name, stock, price, img) VALUES (20, '2024-04-03 11:04:36.561', '2024-04-03 11:04:36.561', null, 'Crema dental', 99, 3000, 'https://encrypted-tbn0.gstatic.com/images?q=tbn:ANd9GcRlNjPsWmfeC2bBZaLqufFKau8IBlPG9YUtSJyUUpB9Hw&s');
INSERT INTO hotel_trivoli.products (id, created_at, updated_at, deleted_at, name, stock, price, img) VALUES (21, '2024-04-03 11:04:36.581', '2024-04-03 11:04:36.581', null, 'Protectores diarios', 99, 1000, 'https://exitocol.vtexassets.com/arquivos/ids/18220766/Protectores-Diarios-Largos-X-50-Unidades-233488_a.jpg?v=638186717751600000');
INSERT INTO hotel_trivoli.products (id, created_at, updated_at, deleted_at, name, stock, price, img) VALUES (22, '2024-04-03 11:04:36.597', '2024-04-03 11:04:36.597', null, 'Cepillo dental', 99, 2000, 'https://encrypted-tbn0.gstatic.com/images?q=tbn:ANd9GcTq0LoDlHGH4B9gXp4SPSV5CGxfzCudD-L0IyRpM1l_Qw&s');
INSERT INTO hotel_trivoli.products (id, created_at, updated_at, deleted_at, name, stock, price, img) VALUES (23, '2024-04-03 11:04:36.620', '2024-04-03 11:04:36.620', null, 'Toalla Higienica', 99, 2000, 'https://encrypted-tbn0.gstatic.com/images?q=tbn:ANd9GcTBcLR5KowTZtdolBKuRFntosfBgTE_G9PKATy15g1IHA&s');
INSERT INTO hotel_trivoli.products (id, created_at, updated_at, deleted_at, name, stock, price, img) VALUES (24, '2024-04-03 11:04:36.637', '2024-04-03 11:04:36.637', null, 'Shampoo', 99, 2000, 'https://lavaquita.co/cdn/shop/products/supermercados_la_vaquita_supervaquita_shampoo_h_s_375c_2en1_limpieza_renovador_cuidado_capilar_700x700.jpg?v=1620655513');
INSERT INTO hotel_trivoli.products (id, created_at, updated_at, deleted_at, name, stock, price, img) VALUES (25, '2024-04-03 11:04:36.661', '2024-04-03 11:04:36.661', null, 'Mechera', 99, 2000, 'https://carulla.vtexassets.com/arquivos/ids/6057290/encendedor-mechera-swiss-texas-x-24-unidades.jpg?v=637680294582130000');




INSERT INTO hotel_trivoli.product_types_product (product_id, product_type_id) VALUES (1, 7);
INSERT INTO hotel_trivoli.product_types_product (product_id, product_type_id) VALUES (2, 8);
INSERT INTO hotel_trivoli.product_types_product (product_id, product_type_id) VALUES (3, 9);
INSERT INTO hotel_trivoli.product_types_product (product_id, product_type_id) VALUES (4, 10);
INSERT INTO hotel_trivoli.product_types_product (product_id, product_type_id) VALUES (5, 11);
INSERT INTO hotel_trivoli.product_types_product (product_id, product_type_id) VALUES (6, 12);
INSERT INTO hotel_trivoli.product_types_product (product_id, product_type_id) VALUES (7, 13);
INSERT INTO hotel_trivoli.product_types_product (product_id, product_type_id) VALUES (8, 14);
INSERT INTO hotel_trivoli.product_types_product (product_id, product_type_id) VALUES (9, 15);
INSERT INTO hotel_trivoli.product_types_product (product_id, product_type_id) VALUES (10, 16);
INSERT INTO hotel_trivoli.product_types_product (product_id, product_type_id) VALUES (11, 17);
INSERT INTO hotel_trivoli.product_types_product (product_id, product_type_id) VALUES (12, 18);
INSERT INTO hotel_trivoli.product_types_product (product_id, product_type_id) VALUES (13, 19);
INSERT INTO hotel_trivoli.product_types_product (product_id, product_type_id) VALUES (14, 20);
INSERT INTO hotel_trivoli.product_types_product (product_id, product_type_id) VALUES (15, 21);
INSERT INTO hotel_trivoli.product_types_product (product_id, product_type_id) VALUES (16, 22);
INSERT INTO hotel_trivoli.product_types_product (product_id, product_type_id) VALUES (17, 23);
INSERT INTO hotel_trivoli.product_types_product (product_id, product_type_id) VALUES (18, 24);
INSERT INTO hotel_trivoli.product_types_product (product_id, product_type_id) VALUES (19, 25);
INSERT INTO hotel_trivoli.product_types_product (product_id, product_type_id) VALUES (20, 26);
INSERT INTO hotel_trivoli.product_types_product (product_id, product_type_id) VALUES (21, 27);
INSERT INTO hotel_trivoli.product_types_product (product_id, product_type_id) VALUES (22, 28);
INSERT INTO hotel_trivoli.product_types_product (product_id, product_type_id) VALUES (23, 29);
INSERT INTO hotel_trivoli.product_types_product (product_id, product_type_id) VALUES (24, 30);
INSERT INTO hotel_trivoli.product_types_product (product_id, product_type_id) VALUES (25, 31);



INSERT INTO hotel_trivoli.rooms (id, created_at, updated_at, deleted_at, number) VALUES (1, '2024-04-03 11:04:36.738', '2024-04-03 11:04:36.738', null, 101);
INSERT INTO hotel_trivoli.rooms (id, created_at, updated_at, deleted_at, number) VALUES (2, '2024-04-03 11:04:36.746', '2024-04-03 11:04:36.746', null, 102);
INSERT INTO hotel_trivoli.rooms (id, created_at, updated_at, deleted_at, number) VALUES (3, '2024-04-03 11:04:36.756', '2024-04-03 11:04:36.756', null, 103);



INSERT INTO hotel_trivoli.services (id, created_at, updated_at, deleted_at, name, price, details) VALUES (1, '2024-04-03 11:04:36.679', '2024-04-03 11:04:36.679', null, 'Motel moto', 26000, '');
INSERT INTO hotel_trivoli.services (id, created_at, updated_at, deleted_at, name, price, details) VALUES (2, '2024-04-03 11:04:36.688', '2024-04-03 11:04:36.688', null, 'Motel carro', 28000, '');
INSERT INTO hotel_trivoli.services (id, created_at, updated_at, deleted_at, name, price, details) VALUES (3, '2024-04-03 11:04:36.698', '2024-04-03 11:04:36.698', null, 'Motel tercer piso', 22000, '');
INSERT INTO hotel_trivoli.services (id, created_at, updated_at, deleted_at, name, price, details) VALUES (4, '2024-04-03 11:04:36.707', '2024-04-03 11:04:36.707', null, 'Motel tina', 42000, '');
INSERT INTO hotel_trivoli.services (id, created_at, updated_at, deleted_at, name, price, details) VALUES (5, '2024-04-03 11:04:36.718', '2024-04-03 11:04:36.718', null, 'Hotel tercer piso solo', 27000, '');
INSERT INTO hotel_trivoli.services (id, created_at, updated_at, deleted_at, name, price, details) VALUES (6, '2024-04-03 11:04:36.726', '2024-04-03 11:04:36.726', null, 'Hotel tercer piso pareja', 58000, '');
INSERT INTO hotel_trivoli.services (id, created_at, updated_at, deleted_at, name, price, details) VALUES (7, '2024-04-03 19:56:55.609', '2024-04-03 19:56:55.609', '2024-04-03 19:57:06.635', 'asasd', 2, 'cacassac');
INSERT INTO hotel_trivoli.services (id, created_at, updated_at, deleted_at, name, price, details) VALUES (8, '2024-04-03 20:01:48.574', '2024-04-03 20:01:48.574', '2024-04-03 20:02:02.863', 'Test1', 4555, 'asdasd');
INSERT INTO hotel_trivoli.services (id, created_at, updated_at, deleted_at, name, price, details) VALUES (9, '2024-04-03 21:50:21.809', '2024-04-03 21:52:01.607', '2024-04-03 21:52:22.466', 'Hola Cambiado desde nuevo form', 23123, 'test');
INSERT INTO hotel_trivoli.services (id, created_at, updated_at, deleted_at, name, price, details) VALUES (10, '2024-04-03 21:54:54.719', '2024-04-03 21:54:54.719', '2024-04-03 21:55:08.366', 'aasdasdasd', 1231230, 'asdasdasd');
INSERT INTO hotel_trivoli.services (id, created_at, updated_at, deleted_at, name, price, details) VALUES (11, '2024-04-03 21:56:05.941', '2024-04-03 21:56:05.941', '2024-04-03 21:56:15.388', 'asdasdasdasd', 12312300, 'asdasdasd');
INSERT INTO hotel_trivoli.services (id, created_at, updated_at, deleted_at, name, price, details) VALUES (12, '2024-04-03 21:57:00.230', '2024-04-03 21:57:00.230', '2024-04-03 21:57:04.774', 'asdasdasdasd', 12312300, 'asdasdasd');
INSERT INTO hotel_trivoli.services (id, created_at, updated_at, deleted_at, name, price, details) VALUES (13, '2024-04-03 21:58:25.882', '2024-04-03 21:58:25.882', '2024-04-03 21:58:30.799', 'asdadsasddsa', 23123, 'asadsadsasd');
INSERT INTO hotel_trivoli.services (id, created_at, updated_at, deleted_at, name, price, details) VALUES (14, '2024-04-03 21:59:40.805', '2024-04-03 21:59:40.805', '2024-04-03 21:59:44.604', 'asdadsasddsa', 23123, 'asadsadsasd');



INSERT INTO hotel_trivoli.roles (id, created_at, updated_at, deleted_at, name) VALUES (1, '2024-04-03 11:04:36.839', '2024-04-03 11:04:36.839', null, 'USER');
INSERT INTO hotel_trivoli.roles (id, created_at, updated_at, deleted_at, name) VALUES (2, '2024-04-03 11:04:36.851', '2024-04-03 11:04:36.851', null, 'ADMIN');

INSERT INTO hotel_trivoli.people (id, created_at, updated_at, deleted_at, firstname, lastname, identification, birthday) VALUES (1, '2024-04-03 14:15:18.823', '2024-04-03 14:15:18.823', null, 'admin', 'admin', '12345', '2024-01-13T10:59:58-05:00');
INSERT INTO hotel_trivoli.people (id, created_at, updated_at, deleted_at, firstname, lastname, identification, birthday) VALUES (2, '2024-04-03 14:16:36.700', '2024-04-03 14:16:36.700', null, 'normal', 'user', '54321', '2024-01-13T10:59:58-05:00');

INSERT INTO hotel_trivoli.users (id, created_at, updated_at, deleted_at, username, password, role_id, person_id) VALUES (1, '2024-04-03 14:15:18.824', '2024-04-03 14:15:18.824', null, 'admin', '$2a$14$oSMkGr/rX07dFf0PyWqdbuHhVziDUqifz8cEz4nUQS64A49PeRtZC', 2, 1);
INSERT INTO hotel_trivoli.users (id, created_at, updated_at, deleted_at, username, password, role_id, person_id) VALUES (2, '2024-04-03 14:16:36.701', '2024-04-03 14:16:36.701', null, 'user', '$2a$14$2k1g2hYVUvvpWDrZhDrELuisIC44aglmH9mwEuWqz7CeHI1I/mNbW', 1, 2);


INSERT INTO hotel_trivoli.receipts (id, created_at, updated_at, deleted_at, total_price, total_time, service_id, room_id, user_id) VALUES (3, '2024-04-04 18:06:08.134', '2024-04-04 18:06:08.134', null, 10000, 1000, 1, 1, 1);
INSERT INTO hotel_trivoli.receipts (id, created_at, updated_at, deleted_at, total_price, total_time, service_id, room_id, user_id) VALUES (4, '2024-04-04 18:19:05.241', '2024-04-04 18:19:05.241', null, 10000, 1000, 1, 1, 1);
INSERT INTO hotel_trivoli.receipts (id, created_at, updated_at, deleted_at, total_price, total_time, service_id, room_id, user_id) VALUES (5, '2024-04-04 18:57:16.984', '2024-04-04 18:57:16.984', null, 84000, 1, 4, 1, 2);
INSERT INTO hotel_trivoli.receipts (id, created_at, updated_at, deleted_at, total_price, total_time, service_id, room_id, user_id) VALUES (6, '2024-04-08 18:15:56.107', '2024-04-08 18:15:56.107', null, 32000, 1, 1, 2, 1);
INSERT INTO hotel_trivoli.receipts (id, created_at, updated_at, deleted_at, total_price, total_time, service_id, room_id, user_id) VALUES (7, '2024-04-08 18:17:45.217', '2024-04-08 18:17:45.217', null, 62000, 2, 6, 1, 1);
INSERT INTO hotel_trivoli.receipts (id, created_at, updated_at, deleted_at, total_price, total_time, service_id, room_id, user_id) VALUES (8, '2024-04-08 18:30:29.243', '2024-04-08 18:30:29.243', null, 148000, 16, 6, 3, 1);
INSERT INTO hotel_trivoli.receipts (id, created_at, updated_at, deleted_at, total_price, total_time, service_id, room_id, user_id) VALUES (9, '2024-04-08 18:30:38.885', '2024-04-08 18:30:38.885', null, 82000, 16, 6, 3, 1);
INSERT INTO hotel_trivoli.receipts (id, created_at, updated_at, deleted_at, total_price, total_time, service_id, room_id, user_id) VALUES (10, '2024-04-08 18:33:11.706', '2024-04-08 18:33:11.706', null, 868000, 16, 6, 3, 1);
INSERT INTO hotel_trivoli.receipts (id, created_at, updated_at, deleted_at, total_price, total_time, service_id, room_id, user_id) VALUES (11, '2024-04-08 18:39:52.401', '2024-04-08 18:39:52.401', null, 928000, 1, 2, 1, 1);
INSERT INTO hotel_trivoli.receipts (id, created_at, updated_at, deleted_at, total_price, total_time, service_id, room_id, user_id) VALUES (12, '2024-04-08 18:43:28.744', '2024-04-08 18:43:28.744', null, 31000, 2, 2, 1, 1);
INSERT INTO hotel_trivoli.receipts (id, created_at, updated_at, deleted_at, total_price, total_time, service_id, room_id, user_id) VALUES (13, '2024-04-08 18:45:06.058', '2024-04-08 18:45:06.058', null, 31000, 2, 2, 1, 1);
INSERT INTO hotel_trivoli.receipts (id, created_at, updated_at, deleted_at, total_price, total_time, service_id, room_id, user_id) VALUES (14, '2024-04-10 12:33:27.837', '2024-04-10 12:33:27.837', null, 205000, 4, 1, 1, 1);
INSERT INTO hotel_trivoli.receipts (id, created_at, updated_at, deleted_at, total_price, total_time, service_id, room_id, user_id) VALUES (15, '2024-04-10 18:50:10.914', '2024-04-10 18:50:10.914', null, 148000, 5, 1, 1, 1);




INSERT INTO hotel_trivoli.receipt_product (receipt_id, product_id) VALUES (3, 1);
INSERT INTO hotel_trivoli.receipt_product (receipt_id, product_id) VALUES (4, 1);
INSERT INTO hotel_trivoli.receipt_product (receipt_id, product_id) VALUES (5, 1);
INSERT INTO hotel_trivoli.receipt_product (receipt_id, product_id) VALUES (6, 1);
INSERT INTO hotel_trivoli.receipt_product (receipt_id, product_id) VALUES (14, 1);
INSERT INTO hotel_trivoli.receipt_product (receipt_id, product_id) VALUES (3, 2);
INSERT INTO hotel_trivoli.receipt_product (receipt_id, product_id) VALUES (4, 2);
INSERT INTO hotel_trivoli.receipt_product (receipt_id, product_id) VALUES (14, 2);
INSERT INTO hotel_trivoli.receipt_product (receipt_id, product_id) VALUES (3, 3);
INSERT INTO hotel_trivoli.receipt_product (receipt_id, product_id) VALUES (4, 3);
INSERT INTO hotel_trivoli.receipt_product (receipt_id, product_id) VALUES (12, 3);
INSERT INTO hotel_trivoli.receipt_product (receipt_id, product_id) VALUES (13, 3);
INSERT INTO hotel_trivoli.receipt_product (receipt_id, product_id) VALUES (14, 3);
INSERT INTO hotel_trivoli.receipt_product (receipt_id, product_id) VALUES (3, 4);
INSERT INTO hotel_trivoli.receipt_product (receipt_id, product_id) VALUES (4, 4);
INSERT INTO hotel_trivoli.receipt_product (receipt_id, product_id) VALUES (5, 4);
INSERT INTO hotel_trivoli.receipt_product (receipt_id, product_id) VALUES (9, 4);
INSERT INTO hotel_trivoli.receipt_product (receipt_id, product_id) VALUES (14, 4);
INSERT INTO hotel_trivoli.receipt_product (receipt_id, product_id) VALUES (14, 5);
INSERT INTO hotel_trivoli.receipt_product (receipt_id, product_id) VALUES (14, 6);
INSERT INTO hotel_trivoli.receipt_product (receipt_id, product_id) VALUES (15, 6);
INSERT INTO hotel_trivoli.receipt_product (receipt_id, product_id) VALUES (8, 8);
INSERT INTO hotel_trivoli.receipt_product (receipt_id, product_id) VALUES (10, 8);
INSERT INTO hotel_trivoli.receipt_product (receipt_id, product_id) VALUES (11, 8);
INSERT INTO hotel_trivoli.receipt_product (receipt_id, product_id) VALUES (14, 8);
INSERT INTO hotel_trivoli.receipt_product (receipt_id, product_id) VALUES (14, 9);
INSERT INTO hotel_trivoli.receipt_product (receipt_id, product_id) VALUES (15, 9);
INSERT INTO hotel_trivoli.receipt_product (receipt_id, product_id) VALUES (14, 10);
INSERT INTO hotel_trivoli.receipt_product (receipt_id, product_id) VALUES (14, 11);
INSERT INTO hotel_trivoli.receipt_product (receipt_id, product_id) VALUES (7, 12);
INSERT INTO hotel_trivoli.receipt_product (receipt_id, product_id) VALUES (14, 12);
INSERT INTO hotel_trivoli.receipt_product (receipt_id, product_id) VALUES (14, 13);
INSERT INTO hotel_trivoli.receipt_product (receipt_id, product_id) VALUES (14, 14);
INSERT INTO hotel_trivoli.receipt_product (receipt_id, product_id) VALUES (14, 15);
INSERT INTO hotel_trivoli.receipt_product (receipt_id, product_id) VALUES (14, 16);
INSERT INTO hotel_trivoli.receipt_product (receipt_id, product_id) VALUES (14, 17);
INSERT INTO hotel_trivoli.receipt_product (receipt_id, product_id) VALUES (14, 18);
INSERT INTO hotel_trivoli.receipt_product (receipt_id, product_id) VALUES (14, 19);
INSERT INTO hotel_trivoli.receipt_product (receipt_id, product_id) VALUES (14, 20);
INSERT INTO hotel_trivoli.receipt_product (receipt_id, product_id) VALUES (14, 21);
INSERT INTO hotel_trivoli.receipt_product (receipt_id, product_id) VALUES (14, 22);
INSERT INTO hotel_trivoli.receipt_product (receipt_id, product_id) VALUES (14, 23);
INSERT INTO hotel_trivoli.receipt_product (receipt_id, product_id) VALUES (14, 24);
INSERT INTO hotel_trivoli.receipt_product (receipt_id, product_id) VALUES (14, 25);

